{
    "HR": {
        "mean": 100.26960037231446,
        "stdev": 15.951724995185874
    },
    "EDA": {
        "mean": 4.0418470523079035,
        "stdev": 1.142815538124462
    }
}