{
    "GYRO": [
        -0.4219959507345671,
        0.18711538383593926,
        0.29494534915516735
    ],
    "ACC": [
        0.9152267242250173,
        -9.814512145794808,
        -0.22659311564224452
    ],
    "MAG": [
        -24.0,
        -23.5,
        0.5
    ]
}