{
    "HR": {
        "mean": 0,
        "stdev": 1.4344336861632887
    },
    "EDA": {
        "mean": 0,
        "stdev": 1.4344336861632887
    },
    "TEMP": {
        "mean": 0,
        "stdev": 1.4344336861632887
    }
}