{
    "GYRO": [
        -0.411514228437005,
        0.1880243894742514,
        0.285985777624012
    ],
    "ACC": [
        -0.09246138215246724,
        -9.887343496365276,
        1.0227093505180949
    ],
    "MAG": [
        -27.0,
        -13.0,
        -13.5
    ]
}