{
    "HR": {
        "mean": 84.26518560338903,
        "stdev": 5.288099396910121
    },
    "EDA": {
        "mean": 2.6158274882879013,
        "stdev": 0.02076075079029454
    }
}