{
    "GYRO": [
        -0.38425509852110123,
        0.2070612202265433,
        0.26598979563129194
    ],
    "ACC": [
        0.9318367364455242,
        -9.916959184137534,
        0.21246938757142242
    ],
    "MAG": [
        -88.0,
        34.0,
        -37.5
    ]
}