{
    "GYRO": [
        0.0,
        0.0,
        0.10000000149011612
    ],
    "ACC": [
        0.10000000149011612,
        4.196166987213701e-07,
        0.10000000149011612
    ],
    "MAG": [
        1.0,
        0.0,
        0.0
    ]
}