{
    "GYRO": [
        0.0,
        0.0,
        0.10000000149011612
    ],
    "ACC": [
        0.10000000149011612,
        -9.709999998509884,
        9.8100004196167
    ],
    "MAG": [
        1.0,
        0.0,
        0.0
    ]
}